<?xml version="1.0" encoding="UTF-8"?>
<arp_scan>
<host><ip>(192.168.1.1)</ip><mac>f0:7b:65:75:4f:fd</mac><fullmac>f0:7b:65:75:4f:fd</fullmac><hostname>SAX2V1S.lan</hostname><services>3</services></host>
<host><ip>(192.168.1.231)</ip><mac>3c:22:fb:68:e5:57</mac><fullmac>3c:22:fb:68:e5:57</fullmac><hostname>Morgan.lan</hostname><services>2</services></host>
<host><ip>(224.0.0.251)</ip><mac>1:0:5e:0:0:fb</mac><fullmac>1:0:5e:0:0:fb</fullmac><hostname>mdns.mcast.net</hostname><services>0</services></host>
</arp_scan>
